study_id,Title,Reference,Species,Migratory_status,IUCN,Species_type,Feeding_habit,Max_Body_mass_g,Beak.Length_Culmen,Beak.Width,Wing.Length,Mass,Trophic.Level,Trophic.Niche,Habitat,Habitat.Density,Migration,Primary.Lifestyle,Longitude,Latitude,Location,Province,Country,Continent,Years_sampling,Environment,Sites_code,Tissue_abr,Tissue,Extraction_method,Identification,Ref_method,Number_of_species,TNMP,Mppersp,mp
1,First Report on Microplastics Quanti?cation in Poultry Chicken and Potential Human Health Risks in Pakistan,Bilal et al_2023,Gallus gallus,Not a Migrant,LC,Landbird,Omnivore,2580.20 ,30.90 ,8.90 ,218.20 ,751.70 ,Herbivore,Omnivore,Forest,1,1,Terrestrial,72.35 ,31.33 ,,Punjab,Pakistan,Asia,2022,Farm,,crop,Crop,KOH,Stereomicroscope & FTIR,,,429,17.8,17.8
1,First Report on Microplastics Quanti?cation in Poultry Chicken and Potential Human Health Risks in Pakistan,Bilal et al_2023,Gallus gallus,Not a Migrant,LC,Landbird,Omnivore,2580.20 ,30.90 ,8.90 ,218.20 ,751.70 ,Herbivore,Omnivore,Forest,1,1,Terrestrial,72.35 ,31.33 ,,Punjab,Pakistan,Asia,2022,Farm,,gizzard,Gizzard,KOH,Stereomicroscope & FTIR,,,798,33.3,33.3
1,First Report on Microplastics Quanti?cation in Poultry Chicken and Potential Human Health Risks in Pakistan,Bilal et al_2023,Gallus gallus,Not a Migrant,LC,Landbird,Omnivore,2580.20 ,30.90 ,8.90 ,218.20 ,751.70 ,Herbivore,Omnivore,Forest,1,1,Terrestrial,72.35 ,31.33 ,,Punjab,Pakistan,Asia,2022,Farm,,crop,Crop,KOH,Stereomicroscope & FTIR,,,,11.5,11.5
1,First Report on Microplastics Quanti?cation in Poultry Chicken and Potential Human Health Risks in Pakistan,Bilal et al_2023,Gallus gallus,Not a Migrant,LC,Landbird,Omnivore,2580.20 ,30.90 ,8.90 ,218.20 ,751.70 ,Herbivore,Omnivore,Forest,1,1,Terrestrial,72.35 ,31.33 ,,Punjab,Pakistan,Asia,2022,Farm,,crop,Crop,KOH,Stereomicroscope & FTIR,,,,17.2,17.2
1,First Report on Microplastics Quanti?cation in Poultry Chicken and Potential Human Health Risks in Pakistan,Bilal et al_2023,Gallus gallus,Not a Migrant,LC,Landbird,Omnivore,2580.20 ,30.90 ,8.90 ,218.20 ,751.70 ,Herbivore,Omnivore,Forest,1,1,Terrestrial,72.35 ,31.33 ,,Punjab,Pakistan,Asia,2022,Farm,,crop,Crop,KOH,Stereomicroscope & FTIR,,,,11.5,11.5
1,First Report on Microplastics Quanti?cation in Poultry Chicken and Potential Human Health Risks in Pakistan,Bilal et al_2023,Gallus gallus,Not a Migrant,LC,Landbird,Omnivore,2580.20 ,30.90 ,8.90 ,218.20 ,751.70 ,Herbivore,Omnivore,Forest,1,1,Terrestrial,72.35 ,31.33 ,,Punjab,Pakistan,Asia,2022,Farm,,crop,Crop,KOH,Stereomicroscope & FTIR,,,,14.8,14.8
1,First Report on Microplastics Quanti?cation in Poultry Chicken and Potential Human Health Risks in Pakistan,Bilal et al_2023,Gallus gallus,Not a Migrant,LC,Landbird,Omnivore,2580.20 ,30.90 ,8.90 ,218.20 ,751.70 ,Herbivore,Omnivore,Forest,1,1,Terrestrial,72.35 ,31.33 ,,Punjab,Pakistan,Asia,2022,Farm,,crop,Crop,KOH,Stereomicroscope & FTIR,,,,16.2,16.2
1,First Report on Microplastics Quanti?cation in Poultry Chicken and Potential Human Health Risks in Pakistan,Bilal et al_2023,Gallus gallus,Not a Migrant,LC,Landbird,Omnivore,2580.20 ,30.90 ,8.90 ,218.20 ,751.70 ,Herbivore,Omnivore,Forest,1,1,Terrestrial,72.35 ,31.33 ,,Punjab,Pakistan,Asia,2022,Farm,,crop,Crop,KOH,Stereomicroscope & FTIR,,,,26.8,26.8
1,First Report on Microplastics Quanti?cation in Poultry Chicken and Potential Human Health Risks in Pakistan,Bilal et al_2023,Gallus gallus,Not a Migrant,LC,Landbird,Omnivore,2580.20 ,30.90 ,8.90 ,218.20 ,751.70 ,Herbivore,Omnivore,Forest,1,1,Terrestrial,72.35 ,31.33 ,,Punjab,Pakistan,Asia,2022,Farm,,crop,Crop,KOH,Stereomicroscope & FTIR,,,,19.3,19.3
1,First Report on Microplastics Quanti?cation in Poultry Chicken and Potential Human Health Risks in Pakistan,Bilal et al_2023,Gallus gallus,Not a Migrant,LC,Landbird,Omnivore,2580.20 ,30.90 ,8.90 ,218.20 ,751.70 ,Herbivore,Omnivore,Forest,1,1,Terrestrial,72.35 ,31.33 ,,Punjab,Pakistan,Asia,2022,Farm,,gizzard,Gizzard,KOH,Stereomicroscope & FTIR,,,,29.0,29.0
1,First Report on Microplastics Quanti?cation in Poultry Chicken and Potential Human Health Risks in Pakistan,Bilal et al_2023,Gallus gallus,Not a Migrant,LC,Landbird,Omnivore,2580.20 ,30.90 ,8.90 ,218.20 ,751.70 ,Herbivore,Omnivore,Forest,1,1,Terrestrial,72.35 ,31.33 ,,Punjab,Pakistan,Asia,2022,Farm,,gizzard,Gizzard,KOH,Stereomicroscope & FTIR,,,,31.4,31.4
1,First Report on Microplastics Quanti?cation in Poultry Chicken and Potential Human Health Risks in Pakistan,Bilal et al_2023,Gallus gallus,Not a Migrant,LC,Landbird,Omnivore,2580.20 ,30.90 ,8.90 ,218.20 ,751.70 ,Herbivore,Omnivore,Forest,1,1,Terrestrial,72.35 ,31.33 ,,Punjab,Pakistan,Asia,2022,Farm,,gizzard,Gizzard,KOH,Stereomicroscope & FTIR,,,,18.7,18.7
1,First Report on Microplastics Quanti?cation in Poultry Chicken and Potential Human Health Risks in Pakistan,Bilal et al_2023,Gallus gallus,Not a Migrant,LC,Landbird,Omnivore,2580.20 ,30.90 ,8.90 ,218.20 ,751.70 ,Herbivore,Omnivore,Forest,1,1,Terrestrial,72.35 ,31.33 ,,Punjab,Pakistan,Asia,2022,Farm,,gizzard,Gizzard,KOH,Stereomicroscope & FTIR,,,,44.7,44.7
1,First Report on Microplastics Quanti?cation in Poultry Chicken and Potential Human Health Risks in Pakistan,Bilal et al_2023,Gallus gallus,Not a Migrant,LC,Landbird,Omnivore,2580.20 ,30.90 ,8.90 ,218.20 ,751.70 ,Herbivore,Omnivore,Forest,1,1,Terrestrial,72.35 ,31.33 ,,Punjab,Pakistan,Asia,2022,Farm,,gizzard,Gizzard,KOH,Stereomicroscope & FTIR,,,,35.1,35.1
1,First Report on Microplastics Quanti?cation in Poultry Chicken and Potential Human Health Risks in Pakistan,Bilal et al_2023,Gallus gallus,Not a Migrant,LC,Landbird,Omnivore,2580.20 ,30.90 ,8.90 ,218.20 ,751.70 ,Herbivore,Omnivore,Forest,1,1,Terrestrial,72.35 ,31.33 ,,Punjab,Pakistan,Asia,2022,Farm,,gizzard,Gizzard,KOH,Stereomicroscope & FTIR,,,,32.1,32.1
1,First Report on Microplastics Quanti?cation in Poultry Chicken and Potential Human Health Risks in Pakistan,Bilal et al_2023,Gallus gallus,Not a Migrant,LC,Landbird,Omnivore,2580.20 ,30.90 ,8.90 ,218.20 ,751.70 ,Herbivore,Omnivore,Forest,1,1,Terrestrial,72.35 ,31.33 ,,Punjab,Pakistan,Asia,2022,Farm,,gizzard,Gizzard,KOH,Stereomicroscope & FTIR,,,,40.1,40.1
1,First Report on Microplastics Quanti?cation in Poultry Chicken and Potential Human Health Risks in Pakistan,Bilal et al_2023,Gallus gallus,Not a Migrant,LC,Landbird,Omnivore,2580.20 ,30.90 ,8.90 ,218.20 ,751.70 ,Herbivore,Omnivore,Forest,1,1,Terrestrial,72.35 ,31.33 ,,Punjab,Pakistan,Asia,2022,Farm,,gizzard,Gizzard,KOH,Stereomicroscope & FTIR,,,,35.0,35.0
2,Field evidence for transfer of plastic debris along a terrestrial food chain,Lwanga et al_2017,Gallus gallus,Not a Migrant,LC,Landbird,Omnivore,2580.20 ,30.90 ,8.90 ,218.20 ,751.70 ,Herbivore,Omnivore,Forest,1,1,Terrestrial,-90.22 ,20.36 ,,Pucnachen,Mexico,North America,2016,Farm,,crop,Crop,Washed & Sieve,Stereomicroscope,Franeker et al. 2011,,,32.4,32.4
2,Field evidence for transfer of plastic debris along a terrestrial food chain,Lwanga et al_2017,Gallus gallus,Not a Migrant,LC,Landbird,Omnivore,2580.20 ,30.90 ,8.90 ,218.20 ,751.70 ,Herbivore,Omnivore,Forest,1,1,Terrestrial,-90.22 ,20.36 ,,Pucnachen,Mexico,North America,2016,Farm,,gizzard,Gizzard,Washed & Sieve,Stereomicroscope,Franeker et al. 2011,,,57.0,57.0
2,Field evidence for transfer of plastic debris along a terrestrial food chain,Lwanga et al_2017,Gallus gallus,Not a Migrant,LC,Landbird,Omnivore,2580.20 ,30.90 ,8.90 ,218.20 ,751.70 ,Herbivore,Omnivore,Forest,1,1,Terrestrial,-90.22 ,20.36 ,,Pucnachen,Mexico,North America,2016,Farm,,crop,Crop,Washed & Sieve,Stereomicroscope,Franeker et al. 2011,,,11.0,11.0
2,Field evidence for transfer of plastic debris along a terrestrial food chain,Lwanga et al_2017,Gallus gallus,Not a Migrant,LC,Landbird,Omnivore,2580.20 ,30.90 ,8.90 ,218.20 ,751.70 ,Herbivore,Omnivore,Forest,1,1,Terrestrial,-90.22 ,20.36 ,,Pucnachen,Mexico,North America,2016,Farm,,gizzard,Gizzard,Washed & Sieve,Stereomicroscope,Franeker et al. 2011,,,45.8,45.8
3,Microplastic Quantiffcation of the Proventriculus and Gizzard of Florida Seabirds,Clark et al_2021,Larus atricilla,Full migrant,LC,Aquatic bird,Carnivore,334.53 ,44.10 ,5.10 ,298.40 ,307.40 ,Carnivore,Aquatic predator,Marine,3,2,Aerial,-80.53 ,25.01 ,Florida Keys Wild Bird Center,Florida,United States of America,North America,2018,,,gizzard,Gizzard,KOH,Stereomicroscope,Provencher et al. 2019; Zhao et al. 2016,13,,7.6,7.6
3,Microplastic Quantiffcation of the Proventriculus and Gizzard of Florida Seabirds,Clark et al_2021,Pelecanus occidentalis,Full migrant,LC,Aquatic bird,Piscivore,5000.00 ,319.50 ,38.80 ,494.60 ,3427.80 ,Carnivore,Aquatic predator,Marine,3,1,Aerial,-80.53 ,25.01 ,Florida Keys Wild Bird Center,Florida,United States of America,North America,2018,,,gizzard,Gizzard,KOH,Stereomicroscope,Provencher et al. 2019; Zhao et al. 2016,12,,29.9,29.9
3,Microplastic Quantiffcation of the Proventriculus and Gizzard of Florida Seabirds,Clark et al_2021,Nannopterum auritum,Full migrant,LC,Aquatic bird,Piscivore,2500.00 ,68.20 ,12.00 ,311.80 ,1806.50 ,Carnivore,Aquatic predator,Marine,3,2,Aquatic,-80.53 ,25.01 ,Florida Keys Wild Bird Center,Florida,United States of America,North America,2018,,,gizzard,Gizzard,KOH,Stereomicroscope,Provencher et al. 2019; Zhao et al. 2016,10,,9.6,9.6
3,Microplastic Quantiffcation of the Proventriculus and Gizzard of Florida Seabirds,Clark et al_2021,Thalasseus maximus,Full migrant,LC,Aquatic bird,Piscivore,,73.70 ,8.40 ,363.70 ,415.30 ,Carnivore,Aquatic predator,Marine,3,3,Aerial,-80.53 ,25.01 ,Florida Keys Wild Bird Center,Florida,United States of America,North America,2018,,,gizzard,Gizzard,KOH,Stereomicroscope,Provencher et al. 2019; Zhao et al. 2016,9,,9.9,9.9
4,Microplastics in Digestive System of Little-black cormorant (Phalacrocorax sulcirostris) in Pulau Rambut Sanctuary,Susanti et al_2022,Phalacrocorax sulcirostris,Not a Migrant,LC,Aquatic bird,Piscivore,3700.00 ,51.90 ,8.60 ,248.80 ,995.00 ,Carnivore,Aquatic predator,Wetland,3,1,Aquatic,106.69 ,-5.98 ,Pulau Rambut,,Indonesia,Asia,2018,,,GIT,GIT,NaCl,Stereomicroscope,Boerger et al. 2010,,,320.0,320.0
5,Microplastic Quanti?cation in Aquatic Birds: Biomonitoring the Environmental Health of the Panjkora River Freshwater Ecosystem in Pakistan,Bilal et al_2023,Anas platyrhynchos,Full Migrant,LC,Waterbird,Omnivore,1082.00 ,58.50 ,20.80 ,263.40 ,843.40 ,Herbivore,Herbivore aquatic,Wetland,3,2,Aquatic,71.79 ,34.77 ,Panjkora River,,Pakistan,Asia,2022,Freshwater,,crop,Crop,KOH,Stereomicroscope & FTIR,,20,892,44.6,44.6
5,Microplastic Quanti?cation in Aquatic Birds: Biomonitoring the Environmental Health of the Panjkora River Freshwater Ecosystem in Pakistan,Bilal et al_2023,Anas platyrhynchos,Full Migrant,LC,Waterbird,Omnivore,1082.00 ,58.50 ,20.80 ,263.40 ,843.40 ,Herbivore,Herbivore aquatic,Wetland,3,2,Aquatic,71.79 ,34.77 ,Panjkora River,,Pakistan,Asia,2022,Freshwater,,gizzard,Gizzard,KOH,Stereomicroscope & FTIR,,20,1141,57.1,57.1
6,"Organochlorine pesticides, polycyclic aromatic hydrocarbons, metals and metalloids in microplastics found in regurgitated pellets of black vulture from Campeche, Mexico",Borges-Ramirez et al_2021,Coragyps atratus,Full Migrant,LC,Landbird,Carnivore,2700.00 ,60.00 ,14.80 ,410.10 ,1881.70 ,Omnivore,Scavenger,Human modified,3,2,Terrestrial,-90.52 ,19.84 ,Campeche city landfill,Campeche,Mexico,North America,2019,Terrestrial,,pellets,RP,Dried & Crumbling,Stereomicroscope & FTIR,Auge 2017,24,225,9.4,9.4
6,"Organochlorine pesticides, polycyclic aromatic hydrocarbons, metals and metalloids in microplastics found in regurgitated pellets of black vulture from Campeche, Mexico",Borges-Ramirez et al_2021,Coragyps atratus,Full Migrant,LC,Landbird,Carnivore,2700.00 ,60.00 ,14.80 ,410.10 ,1881.70 ,Omnivore,Scavenger,Human modified,3,2,Terrestrial,-90.52 ,19.84 ,Campeche city landfill,Campeche,Mexico,North America,2020,Terrestrial,,pellets,RP,Dried & Crumbling,Stereomicroscope & FTIR,Auge 2017,34,164,6.8,6.8
7,Breeding seabirds as vectors of microplastics from sea to land: Evidence from colonies in Arctic Canada,Bourdages et al_2021,Fulmarus glacialis,Full Migrant,LC,Seabird,Piscivore,1000.00 ,41.30 ,11.90 ,321.10 ,611.90 ,Carnivore,Aquatic predator,Marine,3,3,Aquatic,67.23 ,62.47 ,Qaqulluit National Wildlife Area,Qikiqtarjuaq,Nunavut,,2018,Terrestrial,,GIT,GIT,KOH,Stereomicroscope,Provencher et al. 2017,,,1.8,1.8
7,Breeding seabirds as vectors of microplastics from sea to land: Evidence from colonies in Arctic Canada,Bourdages et al_2021,Fulmarus glacialis,Full Migrant,LC,Seabird,Piscivore,1000.00 ,41.30 ,11.90 ,321.10 ,611.90 ,Carnivore,Aquatic predator,Marine,3,3,Aquatic,67.23 ,62.47 ,Qaqulluit National Wildlife Area,Qikiqtarjuaq,Nunavut,,2018,Terrestrial,,Fecal precursor,FP,KOH,Stereomicroscope,Provencher et al. 2017,,,0.89,0.89
7,Breeding seabirds as vectors of microplastics from sea to land: Evidence from colonies in Arctic Canada,Bourdages et al_2021,Uria lomvia,Full Migrant,LC,Seabird,Piscivore,1481.00 ,49.30 ,8.60 ,206.80 ,964.00 ,Carnivore,Aquatic predator,Marine,3,3,Aquatic,66.93 ,61.77 ,Akpait National Wildlife area,Qikiqtarjuaq,Nunavat,,2018,Terrestrial,,Fecal precursor,FP,KOH,Stereomicroscope,Provencher et al. 2017,,,0.33,0.33
8,"Microplastic accumulation in the gastrointestinal tracts in birds of prey in central Florida, USA",Carlin et al_2020,Buteo lineatus,Full migrant,LC,Landbird,Carnivore,700.00 ,33.10 ,11.80 ,319.00 ,603.70 ,Carnivore,Vertivore,Woodland,1,3,Aerial,-81.74 ,28.42 ,"Audubon Center, Maitland",Florida,USA,North America,2018,,,26.26,GIT,KOH,Stereomicroscope,Foekema et al. 2013,28,,24.03,24.03
8,"Microplastic accumulation in the gastrointestinal tracts in birds of prey in central Florida, USA",Carlin et al_2020,Pandion haliaetus,Full migrant,LC,Landbird,Piscivore,2000.00 ,47.00 ,17.30 ,468.40 ,1483.20 ,Carnivore,Aquatic predator,Marine,3,3,Aerial,-81.74 ,28.42 ,"Audubon Center, Maitland",Florida,USA,North America,2018,,,56.47,GIT,KOH,Stereomicroscope,Foekema et al. 2013,16,,19.26,19.26
8,"Microplastic accumulation in the gastrointestinal tracts in birds of prey in central Florida, USA",Carlin et al_2020,Strix Varia,Not a Migrant,LC,Landbird,Carnivore,800.00 ,38.80 ,11.20 ,341.20 ,711.50 ,Carnivore,Vertivore,Forest,2,1,Insessorial,-81.74 ,28.42 ,"Audubon Center, Maitland",Florida,USA,North America,2018,,,,GIT,KOH,Stereomicroscope,Foekema et al. 2013,8,,6.14,6.14
8,"Microplastic accumulation in the gastrointestinal tracts in birds of prey in central Florida, USA",Carlin et al_2020,Megascops asio,Not a Migrant,LC,Landbird,Carnivore,1000.00 ,22.00 ,6.40 ,168.50 ,180.00 ,Carnivore,Invertivore,Woodland,2,1,Insessorial,-81.74 ,28.42 ,"Audubon Center, Maitland",Florida,USA,North America,2018,,,,GIT,KOH,Stereomicroscope,Foekema et al. 2013,4,,9.82,9.82
8,"Microplastic accumulation in the gastrointestinal tracts in birds of prey in central Florida, USA",Carlin et al_2020,Coragyps atratus,Full Migrant,LC,Landbird,Carnivore,2700.00 ,60.00 ,14.80 ,410.10 ,1881.70 ,Omnivore,Scavenger,Human modified,3,2,Terrestrial,-81.74 ,28.42 ,"Audubon Center, Maitland",Florida,USA,North America,2018,,,,GIT,KOH,Stereomicroscope,Foekema et al. 2013,2,,9.32,9.32
8,"Microplastic accumulation in the gastrointestinal tracts in birds of prey in central Florida, USA",Carlin et al_2020,Cathartes aura,Full migrant,LC,Landbird,Carnivore,2000.00 ,51.50 ,14.30 ,508.50 ,1518.20 ,Scavenger,Scavenger,Human modified,3,2,Terrestrial,-81.74 ,28.42 ,"Audubon Center, Maitland",Florida,USA,North America,2018,,,,GIT,KOH,Stereomicroscope,Foekema et al. 2013,2,,17.66,17.66
8,"Microplastic accumulation in the gastrointestinal tracts in birds of prey in central Florida, USA",Carlin et al_2020,Buteo jamaicensis,Full migrant,LC,Landbird,Carnivore,1224.00 ,37.60 ,14.40 ,402.80 ,1101.20 ,Carnivore,Vertivore,Woodland,2,3,Insessorial,-81.74 ,28.42 ,"Audubon Center, Maitland",Florida,USA,North America,2018,,,,GIT,KOH,Stereomicroscope,Foekema et al. 2013,2,,0.16,0.16
8,"Microplastic accumulation in the gastrointestinal tracts in birds of prey in central Florida, USA",Carlin et al_2020,Accipiter cooperii,Full migrant,LC,Landbird,Carnivore,566.00 ,25.40 ,8.60 ,241.20 ,429.70 ,Carnivore,Vertivore,Woodland,2,3,Aerial,-81.74 ,28.42 ,"Audubon Center, Maitland",Florida,USA,North America,2018,,,,GIT,KOH,Stereomicroscope,Foekema et al. 2013,1,,8.66,8.66
9,"First report on occurrence and characterization of microplastics  in feces of Corvus splendens (Vieillot, 1817)",Charles et al_2024,Corvus splendens,Not a Migrant,LC,Landbird,Omnivore,,49.70 ,13.90 ,258.20 ,292.60 ,Omnivore,Omnivore,Human modified,3,1,Terrestrial,78.16 ,11.65 ,Salem,Tamil Nadu,India,Asia,2021,,,,Dropping,KOH & H2O2,Stereomicroscope & FTIR,Bessa et al. 2019; Bourdages et al. 2021,,264,2.64,2.64
10,Plastic burdens in northern fulmars from Svalbard: Looking back 25 years,Collard et al_2022,Fulmarus glacialis,Full Migrant,LC,Seabird,Piscivore,1000.00 ,41.30 ,11.90 ,321.10 ,611.90 ,Carnivore,Aquatic predator,Marine,3,3,Aquatic,17.73 ,79.31 ,Kongsfjorden,,Norway,Europe,1997,Marine,ALL,,Gizzard,KOH,FTIR,Dehaut et al. 2016; Karami et al. 2017,43,,10.3,10.3
10,Plastic burdens in northern fulmars from Svalbard: Looking back 25 years,Collard et al_2022,Fulmarus glacialis,Full Migrant,LC,Seabird,Piscivore,1000.00 ,41.30 ,11.90 ,321.10 ,611.90 ,Carnivore,Aquatic predator,Marine,3,3,Aquatic,17.73 ,79.31 ,Kongsfjorden,,Norway,Europe,1997,Marine,Male,,Gizzard,KOH,FTIR,Dehaut et al. 2016; Karami et al. 2017,20,,7.1,7.1
10,Plastic burdens in northern fulmars from Svalbard: Looking back 25 years,Collard et al_2022,Fulmarus glacialis,Full Migrant,LC,Seabird,Piscivore,1000.00 ,41.30 ,11.90 ,321.10 ,611.90 ,Carnivore,Aquatic predator,Marine,3,3,Aquatic,17.73 ,79.31 ,Kongsfjorden,,Norway,Europe,1997,Marine,Female,,Gizzard,KOH,FTIR,Dehaut et al. 2016; Karami et al. 2017,23,,13.1,13.1
11,Evaluation of meso- and microplastic ingestion by the northern fulmar  through a non-lethal sampling method,Collard et al_2023,Fulmarus,Full Migrant,LC,Seabird,Piscivore,1000.00 ,41.30 ,11.90 ,321.10 ,611.90 ,Carnivore,Aquatic predator,Marine,3,3,Aquatic,18.99 ,74.50 ,"Herwighamna, Bjornoya",Svalbard,Norway,Europe,2019,,,,GIT,KOH,FTIR,Dehaut et al. 2016; Karami et al. 2017,22,36,1.6,1.6
12,Thrushes (Aves: Passeriformes) as indicators of microplastic pollution in terrestrial environments,Deoniziak et al_2022,Turdus merula,Full migrant,LC,Landbird,Omnivore,125.00 ,28.50 ,5.30 ,128.40 ,102.70 ,Omnivore,Omnivore,Forest,2,1,Generalist,23.04 ,53.32 ,Podlaskie Voivodeship,,Poland,Europe,2020,Terrestrial,,,GIT,KOH,Stereomicroscope,Brander et al. 2020,16,351,40.11,40.11
12,Thrushes (Aves: Passeriformes) as indicators of microplastic pollution in terrestrial environments,Deoniziak et al_2022,Turdus philomelos,Full migrant,LC,Landbird,Omnivore,,23.10 ,5.00 ,116.00 ,67.70 ,Omnivore,Invertivore,Forest,1,3,Generalist,23.04 ,53.32 ,Podlaskie Voivodeship,,Poland,Europe,2020,Terrestrial,,,GIT,KOH,Stereomicroscope,Brander et al. 2020,18,722,21.94,21.94
13,Food web transfer of plastics to an apex riverine predator,DSouza et al_2020,Cinclus cinclus,Full migrant,LC,Landbird,Insectivore,64.00 ,22.10 ,3.40 ,88.90 ,61.50 ,Carnivore,Aquatic predator,Reverine,3,1,Generalist,-3.32 ,51.57 ,South Wales,,United Kingdom,Europe,2017,,,Fecal,FP,NaOH,Stereomicroscope & FTIR,Ormerod and Tyler 1991,29,,1.3,1.3
13,Food web transfer of plastics to an apex riverine predator,DSouza et al_2020,Cinclus cinclus,Full migrant,LC,Landbird,Omnivore,64.00 ,22.10 ,3.40 ,88.90 ,61.50 ,Carnivore,Aquatic predator,Reverine,3,1,Generalist,-3.32 ,51.57 ,South Wales,,United Kingdom,Europe,2017,,,RP,RP,NaOH,Stereomicroscope & FTIR,Ormerod and Tyler 1991,16,,1.7,1.7
13,Food web transfer of plastics to an apex riverine predator,DSouza et al_2020,Cinclus cinclus,Full migrant,LC,Landbird,Omnivore,64.00 ,22.10 ,3.40 ,88.90 ,61.50 ,Carnivore,Aquatic predator,Reverine,3,1,Generalist,-3.32 ,51.57 ,South Wales,,United Kingdom,Europe,2018,,,Fecal,FP,NaOH,Stereomicroscope & FTIR,Ormerod and Tyler 1991,49,,0.5,0.5
13,Food web transfer of plastics to an apex riverine predator,DSouza et al_2020,Cinclus cinclus,Full migrant,LC,Landbird,Omnivore,64.00 ,22.10 ,3.40 ,88.90 ,61.50 ,Carnivore,Aquatic predator,Reverine,3,1,Generalist,-3.32 ,51.57 ,South Wales,,United Kingdom,Europe,2018,,,RP,RP,NaOH,Stereomicroscope & FTIR,Ormerod and Tyler 1991,58,,0.9,0.9
13,Food web transfer of plastics to an apex riverine predator,DSouza et al_2020,Cinclus cinclus,Full migrant,LC,Landbird,Omnivore,64.00 ,22.10 ,3.40 ,88.90 ,61.50 ,Carnivore,Aquatic predator,Reverine,3,1,Generalist,-3.32 ,51.57 ,South Wales,,United Kingdom,Europe,2018,,,Fecal,FP,NaOH,Stereomicroscope & FTIR,Ormerod and Tyler 1991,14,,0.6,0.6
14,Plastic in Cassin's Auklets (Ptychoramphus aleuticus) from the 2014 stranding on the Northeast Paci?c Coast,Floren and Shugart_2017,Ptychoramphus aleuticus,Not a Migrant,NT,Seabird,Piscivore,,24.00 ,6.60 ,121.00 ,184.00 ,Carnivore,Aquatic predator,Marine,3,3,Aquatic,-124.01 ,46.95 ,Northern Pacific Coast,,United States of America,North America,2014,,Juvenile,,GIT,Washed & Sieve,Stereomicroscope,,14,,5.43,5.43
14,Plastic in Cassin's Auklets (Ptychoramphus aleuticus) from the 2014 stranding on the Northeast Paci?c Coast,Floren and Shugart_2017,Ptychoramphus aleuticus,Not a Migrant,NT,Seabird,Piscivore,,24.00 ,6.60 ,121.00 ,184.00 ,Carnivore,Aquatic predator,Marine,3,3,Aquatic,-124.01 ,46.95 ,Northern Pacific Coast,,United States of America,North America,2014,,Sub-adult,,GIT,Washed & Sieve,Stereomicroscope,,21,,6.57,6.57
14,Plastic in Cassin's Auklets (Ptychoramphus aleuticus) from the 2014 stranding on the Northeast Paci?c Coast,Floren and Shugart_2017,Ptychoramphus aleuticus,Not a Migrant,NT,Seabird,Piscivore,,24.00 ,6.60 ,121.00 ,184.00 ,Carnivore,Aquatic predator,Marine,3,3,Aquatic,-124.01 ,46.95 ,Northern Pacific Coast,,United States of America,North America,2014,,Adult,,GIT,Washed & Sieve,Stereomicroscope,,34,,5.38,5.38
15,Microplastics and other anthropogenic particles in Antarctica: Using penguins as biological samplers,Fragao et al_2021,Pygoscelis adeliae,Full migrant,LC,Seabird,Piscivore,4.99 ,59.70 ,12.90 ,94.50 ,4847.70 ,Carnivore,Aquatic predator,Marine,3,2,Aquatic,-57.73 ,-63.39 ,Antartica Peninsula,,International territory,Antarctica,2016,,,Scat,Dropping,KOH,Stereomicroscope & FTIR,Bessa et al. 2018,20,3,0.15,0.15
15,Microplastics and other anthropogenic particles in Antarctica: Using penguins as biological samplers,Fragao et al_2021,Pygoscelis antarcticus,Full migrant,LC,Seabird,Piscivore,5000.00 ,61.80 ,14.80 ,100.50 ,4146.10 ,Carnivore,Aquatic predator,Marine,3,2,Aquatic,-57.73 ,-63.39 ,Antartica Peninsula,,International territory,Antarctica,2016,,,Scat,Dropping,KOH,Stereomicroscope & FTIR,Bessa et al. 2018,57,18,0.31,0.31
15,Microplastics and other anthropogenic particles in Antarctica: Using penguins as biological samplers,Fragao et al_2021,Pygoscelis papua,Not a Migrant,LC,Seabird,Piscivore,8500.00 ,64.80 ,12.40 ,126.10 ,5933.00 ,Carnivore,Aquatic predator,Marine,3,2,Aquatic,-57.73 ,-63.39 ,Antartica Peninsula,,International territory,Antarctica,2016,,,Scat,Dropping,KOH,Stereomicroscope & FTIR,Bessa et al. 2018,240,71,0.29,0.29
16,Incidence of plastic ingestion in seabirds from the Bay of Biscay (southwestern Europe),Franco et al_2019,Uria aalge,Full migrant,LC,Seabird,Piscivore,1044.00 ,56.80 ,8.10 ,196.30 ,991.90 ,Carnivore,Aquatic predator,Marine,3,3,Aquatic,-2.94 ,44.74 ,Bay of Biscay,,France & Spain,Europe,2014,,,,GIT,Washed & Sieve,Stereomicroscope,Franaker 2004; Franker 2011,61,,0.15,0.15
16,Incidence of plastic ingestion in seabirds from the Bay of Biscay (southwestern Europe),Franco et al_2019,Morus bassanus,Full migrant,LC,Seabird,Piscivore,3610.00 ,98.70 ,24.80 ,485.80 ,2998.70 ,Carnivore,Aquatic predator,Marine,3,2,Aerial,-2.94 ,44.74 ,Bay of Biscay,,France & Spain,Europe,2014,,,,GIT,Washed & Sieve,Stereomicroscope,Franaker 2004; Franker 2011,44,,0.3,0.3
16,Incidence of plastic ingestion in seabirds from the Bay of Biscay (southwestern Europe),Franco et al_2019,Fratercula arctica,Full migrant,VU,Seabird,Piscivore,500.00 ,51.00 ,8.70 ,163.60 ,593.00 ,Carnivore,Aquatic predator,Marine,3,3,Aquatic,-2.94 ,44.74 ,Bay of Biscay,,France & Spain,Europe,2014,,,,GIT,Washed & Sieve,Stereomicroscope,Franaker 2004; Franker 2011,11,,0.27,0.27
16,Incidence of plastic ingestion in seabirds from the Bay of Biscay (southwestern Europe),Franco et al_2019,Rissa tridactyla,Full migrant,VU,Aquatic bird,Carnivore,317.00 ,44.50 ,5.30 ,301.00 ,416.00 ,Carnivore,Aquatic predator,Marine,3,2,Aerial,-2.94 ,44.74 ,Bay of Biscay,,France & Spain,Europe,2014,,,,GIT,Washed & Sieve,Stereomicroscope,Franaker 2004; Franker 2011,9,,0.78,0.78
16,Incidence of plastic ingestion in seabirds from the Bay of Biscay (southwestern Europe),Franco et al_2019,Larus argentatus,Full migrant,LC,Aquatic bird,Piscivore,1250.00 ,74.00 ,8.90 ,430.00 ,1091.00 ,Carnivore,Aquatic predator,Coastal,3,2,Generalist,-2.94 ,44.74 ,Bay of Biscay,,France & Spain,Europe,2014,,,,GIT,Washed & Sieve,Stereomicroscope,Franaker 2004; Franker 2011,7,,0.14,0.14
16,Incidence of plastic ingestion in seabirds from the Bay of Biscay (southwestern Europe),Franco et al_2019,Larus ridibundus,Full migrant,LC,Aquatic bird,Carnivore,325.00 ,43.40 ,4.00 ,291.20 ,284.00 ,Carnivore,Aquatic predator,Wetland,3,2,Generalist,-2.94 ,44.74 ,Bay of Biscay,,France & Spain,Europe,2014,,,,GIT,Washed & Sieve,Stereomicroscope,Franaker 2004; Franker 2011,3,,0.33,0.33
16,Incidence of plastic ingestion in seabirds from the Bay of Biscay (southwestern Europe),Franco et al_2019,Fulmarus glacialis,Full Migrant,LC,Seabird,Piscivore,1000.00 ,41.30 ,11.90 ,321.10 ,611.90 ,Carnivore,Aquatic predator,Marine,3,3,Aquatic,-2.94 ,44.74 ,Bay of Biscay,,France & Spain,Europe,2014,,,,GIT,Washed & Sieve,Stereomicroscope,Franaker 2004; Franker 2011,2,,32.5,32.5
16,Incidence of plastic ingestion in seabirds from the Bay of Biscay (southwestern Europe),Franco et al_2019,Puffinus mauretanicus,Full migrant,CR,Seabird,Piscivore,,45.10 ,7.70 ,242.20 ,497.00 ,Carnivore,Aquatic predator,Marine,3,2,Generalist,-2.94 ,44.74 ,Bay of Biscay,,France & Spain,Europe,2014,,,,GIT,Washed & Sieve,Stereomicroscope,Franaker 2004; Franker 2011,1,,5,5
16,Incidence of plastic ingestion in seabirds from the Bay of Biscay (southwestern Europe),Franco et al_2019,Ardenna gravis,Full migrant,LC,Seabird,Piscivore,950.00 ,54.70 ,8.30 ,317.80 ,849.00 ,Carnivore,Aquatic predator,Marine,3,3,Aerial,-2.94 ,44.74 ,Bay of Biscay,,France & Spain,Europe,2014,,,,GIT,Washed & Sieve,Stereomicroscope,Franaker 2004; Franker 2011,1,,8,8
17,Microplastic accumulation in the gastrointestinal tracts of nestling and adult migratory birds,Hoang et al_2022,Tachycineta bicolor,Full migrant,LC,Landbird,Insectivore,19.00 ,10.80 ,3.80 ,115.90 ,21.20 ,Carnivore,Invertivore,Wetland,3,3,Aerial,-87.97 ,43.29 ,"cedar Creek, Cedarburg",,United states,North America,2018,,,GIT,GIT,H2O2,Stereomicroscope & FTIR,Canniff and Hoang 2018; Hoang and Felix-Kim 2020,,,5.2,5.2
17,Microplastic accumulation in the gastrointestinal tracts of nestling and adult migratory birds,Hoang et al_2022,Tachycineta bicolor,Full migrant,LC,Landbird,Insectivore,19.00 ,10.80 ,3.80 ,115.90 ,21.20 ,Carnivore,Invertivore,Wetland,3,3,Aerial,-87.90 ,43.09 ,Estabrook Park,,United states,North America,2018,,,GIT,GIT,H2O2,Stereomicroscope & FTIR,Canniff and Hoang 2018; Hoang and Felix-Kim 2020,,,10.4,10.4
17,Microplastic accumulation in the gastrointestinal tracts of nestling and adult migratory birds,Hoang et al_2022,Tachycineta bicolor,Full migrant,LC,Landbird,Insectivore,19.00 ,10.80 ,3.80 ,115.90 ,21.20 ,Carnivore,Invertivore,Wetland,3,3,Aerial,-87.99 ,43.04 ,"Honey creek, Milwaukee",,United states,North America,2018,,,GIT,GIT,H2O2,Stereomicroscope & FTIR,Canniff and Hoang 2018; Hoang and Felix-Kim 2020,,,5.6,5.6
17,Microplastic accumulation in the gastrointestinal tracts of nestling and adult migratory birds,Hoang et al_2022,Tachycineta bicolor,Full migrant,LC,Landbird,Insectivore,19.00 ,10.80 ,3.80 ,115.90 ,21.20 ,Carnivore,Invertivore,Wetland,3,3,Aerial,-87.91 ,43.00 ,"Kinnickinnic River, Miwaukee",,United states,North America,2018,,,GIT,GIT,H2O2,Stereomicroscope & FTIR,Canniff and Hoang 2018; Hoang and Felix-Kim 2020,,,6,6
17,Microplastic accumulation in the gastrointestinal tracts of nestling and adult migratory birds,Hoang et al_2022,Tachycineta bicolor,Full migrant,LC,Landbird,Insectivore,19.00 ,10.80 ,3.80 ,115.90 ,21.20 ,Carnivore,Invertivore,Wetland,3,3,Aerial,-87.93 ,43.11 ,"Lincoln Park, Milwaukee",,United states,North America,2018,,,GIT,GIT,H2O2,Stereomicroscope & FTIR,Canniff and Hoang 2018; Hoang and Felix-Kim 2020,,,5.3,5.3
17,Microplastic accumulation in the gastrointestinal tracts of nestling and adult migratory birds,Hoang et al_2022,Tachycineta bicolor,Full migrant,LC,Landbird,Insectivore,19.00 ,10.80 ,3.80 ,115.90 ,21.20 ,Carnivore,Invertivore,Wetland,3,3,Aerial,-87.89 ,43.03 ,"Lakeshore State Park, Milwaukee",,United states,North America,2018,,,GIT,GIT,H2O2,Stereomicroscope & FTIR,Canniff and Hoang 2018; Hoang and Felix-Kim 2020,,,7.3,7.3
17,Microplastic accumulation in the gastrointestinal tracts of nestling and adult migratory birds,Hoang et al_2022,Tachycineta bicolor,Full migrant,LC,Landbird,Insectivore,19.00 ,10.80 ,3.80 ,115.90 ,21.20 ,Carnivore,Invertivore,Wetland,3,3,Aerial,-87.89 ,43.06 ,"North Avenue, Milwaukee",,United states,North America,2018,,,GIT,GIT,H2O2,Stereomicroscope & FTIR,Canniff and Hoang 2018; Hoang and Felix-Kim 2020,,,2.3,2.3
17,Microplastic accumulation in the gastrointestinal tracts of nestling and adult migratory birds,Hoang et al_2022,Tachycineta bicolor,Full migrant,LC,Landbird,Insectivore,19.00 ,10.80 ,3.80 ,115.90 ,21.20 ,Carnivore,Invertivore,Wetland,3,3,Aerial,-89.47 ,46.02 ,"Star Lake, Sayner",,United states,North America,2018,,,GIT,GIT,H2O2,Stereomicroscope & FTIR,Canniff and Hoang 2018; Hoang and Felix-Kim 2020,,,8.4,8.4
17,Microplastic accumulation in the gastrointestinal tracts of nestling and adult migratory birds,Hoang et al_2022,Tachycineta bicolor,Full migrant,LC,Landbird,Insectivore,19.00 ,10.80 ,3.80 ,115.90 ,21.20 ,Carnivore,Invertivore,Wetland,3,3,Aerial,-87.94 ,43.03 ,"Ursa Logistics, Milwaukee",,United states,North America,2018,,,GIT,GIT,H2O2,Stereomicroscope & FTIR,Canniff and Hoang 2018; Hoang and Felix-Kim 2020,,,2.2,2.2
17,Microplastic accumulation in the gastrointestinal tracts of nestling and adult migratory birds,Hoang et al_2022,Leiothlypis peregrina,Full migrant,LC,Landbird,Omnivore,18.40 ,10.90 ,3.10 ,62.50 ,8.90 ,Carnivore,Invertivore,Forest,1,3,Insessorial,-87.66 ,42.00 ,Loyola University Chicago,,United states,North America,2018,,,GIT,GIT,H2O2,Stereomicroscope & FTIR,Canniff and Hoang 2018; Hoang and Felix-Kim 2020,,,19,19
17,Microplastic accumulation in the gastrointestinal tracts of nestling and adult migratory birds,Hoang et al_2022,Junco hyemalis,Full migrant,LC,Landbird,Omnivore,19.00 ,11.60 ,4.50 ,75.20 ,19.50 ,Herbivore,Granivore,Forest,2,3,Generalist,-87.66 ,42.00 ,Loyola University Chicago,,United states,North America,2018,,,GIT,GIT,H2O2,Stereomicroscope & FTIR,Canniff and Hoang 2018; Hoang and Felix-Kim 2020,,,13.7,13.7
17,Microplastic accumulation in the gastrointestinal tracts of nestling and adult migratory birds,Hoang et al_2022,Catharus guttatus,Full migrant,LC,Landbird,Omnivore,27.80 ,18.80 ,3.40 ,89.00 ,30.10 ,Omnivore,Invertivore,Forest,1,3,Generalist,-87.66 ,42.00 ,Loyola University Chicago,,United states,North America,2018,,,GIT,GIT,H2O2,Stereomicroscope & FTIR,Canniff and Hoang 2018; Hoang and Felix-Kim 2020,,,35.3,35.3
17,Microplastic accumulation in the gastrointestinal tracts of nestling and adult migratory birds,Hoang et al_2022,Zonotrichia albicollis,Full migrant,LC,Landbird,Omnivore,26.00 ,13.60 ,5.10 ,72.80 ,24.40 ,Herbivore,Omnivore,Woodland,2,3,Terrestrial,-87.66 ,42.00 ,Loyola University Chicago,,United states,North America,2018,,,GIT,GIT,H2O2,Stereomicroscope & FTIR,Canniff and Hoang 2018; Hoang and Felix-Kim 2020,,,19.3,19.3
17,Microplastic accumulation in the gastrointestinal tracts of nestling and adult migratory birds,Hoang et al_2022,Seiurus aurocapilla,Full migrant,LC,Landbird,Insectivore,21.00 ,15.10 ,3.60 ,73.20 ,18.80 ,Carnivore,Invertivore,Forest,1,3,Terrestrial,-87.66 ,42.00 ,Loyola University Chicago,,United states,North America,2018,,,GIT,GIT,H2O2,Stereomicroscope & FTIR,Canniff and Hoang 2018; Hoang and Felix-Kim 2020,,,10,10
18,Plastics and other anthropogenic debris in freshwater birds from Canada,Holland et al_2016,Anser caerulescens,Full migrant,LC,Waterbird,Herbivore,3307.00 ,61.80 ,19.40 ,411.80 ,2636.20 ,Herbivore,Herbivore aquatic,Grassland,3,3,Terrestrial,-78.01 ,66.47 ,,,Canada,,2015,Freshwater,,,Gizzard,Washed & Sieve,Stereomicroscope,Franeker and Mejiboom 2002,47,,0.02,0.02
18,Plastics and other anthropogenic debris in freshwater birds from Canada,Holland et al_2016,Branta canadensis,Full migrant,LC,Waterbird,Herbivore,10009.00 ,50.00 ,19.90 ,422.90 ,2811.70 ,Herbivore,Herbivore terrestrial,Grassland,3,3,Terrestrial,-78.01 ,66.47 ,,,Canada,,2015,Freshwater,,,Gizzard,Washed & Sieve,Stereomicroscope,Franeker and Mejiboom 2002,43,,0.05,0.05
18,Plastics and other anthropogenic debris in freshwater birds from Canada,Holland et al_2016,Mareca americana,Full migrant,LC,Waterbird,Herbivore,1330.00 ,44.90 ,16.00 ,253.20 ,754.60 ,Herbivore,Omnivore,Wetland,3,3,Terrestrial,-78.01 ,66.47 ,,,Canada,,2015,Freshwater,,,Gizzard,Washed & Sieve,Stereomicroscope,Franeker and Mejiboom 2002,32,,0.06,0.06
18,Plastics and other anthropogenic debris in freshwater birds from Canada,Holland et al_2016,Anas platyrhynchos,Full migrant,LC,Waterbird,Omnivore,1082.00 ,58.50 ,20.80 ,263.40 ,843.40 ,Herbivore,Herbivore aquatic,Wetland,3,2,Aquatic,-78.01 ,66.47 ,,,Canada,,2015,Freshwater,,,Gizzard,Washed & Sieve,Stereomicroscope,Franeker and Mejiboom 2002,120,,0.07,0.07
18,Plastics and other anthropogenic debris in freshwater birds from Canada,Holland et al_2016,Anas acuta,Full migrant,LC,Waterbird,Omnivore,1362.00 ,48.10 ,14.50 ,256.70 ,944.60 ,Herbivore,Herbivore aquatic,Aquatic,3,3,Aquatic,-78.01 ,66.47 ,,,Canada,,2015,Freshwater,,,Gizzard,Washed & Sieve,Stereomicroscope,Franeker and Mejiboom 2002,10,,0.1,0.1
18,Plastics and other anthropogenic debris in freshwater birds from Canada,Holland et al_2016,Melanitta deglandi,Full migrant,LC,Aquatic bird,Carnivore,,46.80 ,27.20 ,270.00 ,1800.20 ,Carnivore,Aquatic predator,Wetland,3,3,Aquatic,-78.01 ,66.47 ,,,Canada,,2015,Freshwater,,,Gizzard,Washed & Sieve,Stereomicroscope,Franeker and Mejiboom 2002,16,,0.06,0.06
18,Plastics and other anthropogenic debris in freshwater birds from Canada,Holland et al_2016,Somateria mollissima,Full migrant,NT,Aquatic bird,Carnivore,3025.00 ,62.10 ,19.10 ,280.20 ,2060.90 ,Carnivore,Aquatic predator,Marine,3,2,Aquatic,-78.01 ,66.47 ,,,Canada,,2015,Freshwater,,,Gizzard,Washed & Sieve,Stereomicroscope,Franeker and Mejiboom 2002,40,,0.02,0.02
18,Plastics and other anthropogenic debris in freshwater birds from Canada,Holland et al_2016,Gavia adamsii,Full migrant,NT,Aquatic bird,Piscivore,6400.00 ,104.80 ,10.40 ,371.40 ,4944.30 ,Carnivore,Aquatic predator,Wetland,3,3,Aquatic,-78.01 ,66.47 ,,,Canada,,2015,Freshwater,,,Gizzard,Washed & Sieve,Stereomicroscope,Franeker and Mejiboom 2002,3,,0.33,0.33
19,Plastic ingestion by Newell’s (Puffinus newelli) and wedge-tailed shearwaters (Ardenna pacifica) in Hawaii,Kain et al_2016,Puffinus newelli,Full migrant,CR,Seabird,Piscivore,,42.70 ,7.00 ,241.00 ,350.80 ,Carnivore,Aquatic predator,Marine,3,2,Generalist,-159.53 ,22.06 ,Island of Kauai,,United States of America,North America,2013,,,GIT,GIT,Washed & Sieve,Stereomicroscope,Franeker et al. 2011,30,,1.2,1.2
19,Plastic ingestion by Newell’s (Puffinus newelli) and wedge-tailed shearwaters (Ardenna pacifica) in Hawaii,Kain et al_2016,Ardenna pacifica,Full migrant,LC,Seabird,Piscivore,,40.90 ,7.90 ,296.80 ,388.00 ,Carnivore,Aquatic predator,Marine,3,3,Generalist,-159.53 ,22.06 ,Island of Kauai,,United States of America,North America,2013,,,GIT,GIT,Washed & Sieve,Stereomicroscope,Franeker et al. 2011,13,,2.38,2.38
19,Plastic ingestion by Newell’s (Puffinus newelli) and wedge-tailed shearwaters (Ardenna pacifica) in Hawaii,Kain et al_2016,Ardenna pacifica,Full migrant,LC,Seabird,Piscivore,,40.90 ,7.90 ,296.80 ,388.00 ,Carnivore,Aquatic predator,Marine,3,3,Generalist,-159.53 ,22.06 ,Island of Kauai,,United States of America,North America,2014,,,GIT,GIT,Washed & Sieve,Stereomicroscope,Franeker et al. 2011,19,,3.68,3.68
20,Marine debris ingestion by adults and ffedglings of Swinhoe’s storm petrels in the Republic of Korea,Kim et al_2023,Hydrobates monorhis,Full migrant,NT,Seabird,Piscivore,,16.50 ,3.00 ,152.60 ,39.80 ,Carnivore,Aquatic predator,Marine,3,3,Aerial,125.79 ,34.79 ,Chilbal Island,,South Korea,Asia,2014,,Adult,,GIT,H2O2,FTIR,Provencher et al. 2017,61,916,15.2,15.2
20,Marine debris ingestion by adults and ffedglings of Swinhoe’s storm petrels in the Republic of Korea,Kim et al_2023,Hydrobates monorhis,Full migrant,NT,Seabird,Piscivore,,16.50 ,3.00 ,152.60 ,39.80 ,Carnivore,Aquatic predator,Marine,3,3,Aerial,125.79 ,34.79 ,Chilbal Island,,South Korea,Asia,2014,,Fledglings,,GIT,H2O2,FTIR,Provencher et al. 2017,57,1393,24.3,24.3
21,"Documentation of microplastics in the gastrointestinal tracts of terrestrial raptors in central California, USA",Leviner et al_2023,Tyto alba,Not a Migrant,LC,Landbird,Carnivore,620.00 ,32.00 ,8.50 ,280.20 ,403.30 ,Carnivore,Vertivore,Human modified,3,1,Insessorial,-120.66 ,35.30 ,California’s central coast,,United States of America,,2021,,Average,,GIT,KOH,Stereomicroscope & FTIR,Kühn et al. 2017; Thiele et al. 2019,,#REF!,6.0,
21,"Documentation of microplastics in the gastrointestinal tracts of terrestrial raptors in central California, USA",Leviner et al_2023,Bubo virginianus,Full migrant,LC,Landbird,Carnivore,1450.00 ,44.70 ,17.80 ,371.20 ,1354.50 ,Carnivore,Vertivore,Forest,2,1,Insessorial,-120.66 ,35.30 ,California’s central coast,,United States of America,,2021,,Average,,GIT,KOH,Stereomicroscope & FTIR,Kühn et al. 2017; Thiele et al. 2019,,#REF!,18.5,18.5
21,"Documentation of microplastics in the gastrointestinal tracts of terrestrial raptors in central California, USA",Leviner et al_2023,Buteo lineatus,Full migrant,LC,Landbird,Carnivore,700.00 ,33.10 ,11.80 ,319.00 ,603.70 ,Carnivore,Vertivore,Woodland,1,3,Aerial,-120.66 ,35.30 ,California’s central coast,,United States of America,,2021,,Average,,GIT,KOH,Stereomicroscope & FTIR,Kühn et al. 2017; Thiele et al. 2019,,#REF!,14,14
21,"Documentation of microplastics in the gastrointestinal tracts of terrestrial raptors in central California, USA",Leviner et al_2023,Buteo jamaicensis,Full migrant,LC,Landbird,Carnivore,1224.00 ,37.60 ,14.40 ,402.80 ,1101.20 ,Carnivore,Vertivore,Woodland,2,3,Insessorial,-120.66 ,35.30 ,California’s central coast,,United States of America,,2021,,Average,,GIT,KOH,Stereomicroscope & FTIR,Kühn et al. 2017; Thiele et al. 2019,,#REF!,8.0,8.0
22,Anthropogenic debris ingestion in a tropical seabird community: Insights from taxonomy and foraging distribution,Matos et al_2023,Bulweria bulwerii,Full migrant,LC,Seabird,Piscivore,,21.60 ,4.80 ,203.20 ,99.00 ,Carnivore,Aquatic predator,Marine,3,2,Aquatic,-24.59 ,16.62 ,Raso Islet,,,,2021,Pelagic,,,Dropping,KOH,Stereomicroscope & FTIR,Bessa et al. 2019,39,21,0.5,0.5
22,Anthropogenic debris ingestion in a tropical seabird community: Insights from taxonomy and foraging distribution,Matos et al_2023,Puffinus lherminieri,Full migrant,LC,Seabird,Piscivore,,31.00 ,4.90 ,185.30 ,192.80 ,Carnivore,Aquatic predator,Marine,3,2,Aquatic,-24.59 ,16.62 ,Raso Islet,,,,2021,Pelagic,,,Dropping,KOH,Stereomicroscope & FTIR,Bessa et al. 2019,90,43,0.5,0.5
22,Anthropogenic debris ingestion in a tropical seabird community: Insights from taxonomy and foraging distribution,Matos et al_2023,Calonectris edwardsii,Full migrant,NT,Seabird,Piscivore,,42.80 ,8.20 ,309.00 ,535.00 ,Carnivore,Aquatic predator,Marine,3,3,Aerial,-24.59 ,16.62 ,Raso Islet,,,,2021,,,,Dropping,KOH,Stereomicroscope & FTIR,Bessa et al. 2019,52,57,1.1,1.1
22,Anthropogenic debris ingestion in a tropical seabird community: Insights from taxonomy and foraging distribution,Matos et al_2023,Phaethon aethereus,Not a Migrant,LC,Seabird,Piscivore,,66.40 ,8.80 ,309.20 ,750.00 ,Carnivore,Aquatic predator,Marine,3,3,Aerial,-24.59 ,16.62 ,Raso Islet,,,,2021,Coastal,,,Dropping,KOH,Stereomicroscope & FTIR,Bessa et al. 2019,45,66,1.5,1.5
22,Anthropogenic debris ingestion in a tropical seabird community: Insights from taxonomy and foraging distribution,Matos et al_2023,Sula leucogaster,Not a Migrant,LC,Seabird,Piscivore,1800.00 ,100.90 ,20.50 ,388.60 ,1288.80 ,Carnivore,Aquatic predator,Marine,3,2,Aerial,-24.59 ,16.62 ,Raso Islet,,,,2021,Coastal,,,Dropping,KOH,Stereomicroscope & FTIR,Bessa et al. 2019,54,81,1.5,1.5
23,The broader isotopic niche of Long-tailed Duck Clangula hyemalis implies a higher risk of ingesting plastic and non-plastic debris than for other diving seabirds,Morkunas et al_2021,Melanitta fusca,Full migrant,VU,Aquatic bird,Carnivore,,49.90 ,26.40 ,259.20 ,1800.20 ,Carnivore,Aquatic predator,Wetland,3,3,Aquatic,21.08 ,55.71 ,South Eastern Baltic Sea,,,,2015-2019,,,,GIT,Washed & Sieve,Stereomicroscope,"Van Franeker et al., 2005; Seif et al., 2018",246,,0,
23,The broader isotopic niche of Long-tailed Duck Clangula hyemalis implies a higher risk of ingesting plastic and non-plastic debris than for other diving seabirds,Morkunas et al_2021,Melanitta nigra,Full migrant,LC,Aquatic bird,Carnivore,1270.00 ,48.70 ,20.80 ,221.10 ,1050.00 ,Carnivore,Aquatic predator,Wetland,3,3,Aquatic,21.08 ,55.71 ,South Eastern Baltic Sea,,,,2015-2019,,,,GIT,Washed & Sieve,Stereomicroscope,"Van Franeker et al., 2005; Seif et al., 2018",27,,0,
23,The broader isotopic niche of Long-tailed Duck Clangula hyemalis implies a higher risk of ingesting plastic and non-plastic debris than for other diving seabirds,Morkunas et al_2021,Clangula hyemalis,Full migrant,VU,Aquatic bird,Carnivore,1130.00 ,32.10 ,16.00 ,215.60 ,871.00 ,Carnivore,Aquatic predator,Wetland,3,3,Aquatic,21.08 ,55.71 ,South Eastern Baltic Sea,,,,2015-2019,,,,GIT,Washed & Sieve,Stereomicroscope,"Van Franeker et al., 2005; Seif et al., 2018",181,,0.144,0.144
23,The broader isotopic niche of Long-tailed Duck Clangula hyemalis implies a higher risk of ingesting plastic and non-plastic debris than for other diving seabirds,Morkunas et al_2021,Gavia stellata,Full migrant,LC,Aquatic bird,Piscivore,1816.00 ,63.10 ,7.50 ,275.40 ,1486.00 ,Carnivore,Aquatic predator,Wetland,3,3,Aquatic,21.08 ,55.71 ,South Eastern Baltic Sea,,,,2015-2019,,,,GIT,Washed & Sieve,Stereomicroscope,"Van Franeker et al., 2005; Seif et al., 2018",22,,0.045,0.045
23,The broader isotopic niche of Long-tailed Duck Clangula hyemalis implies a higher risk of ingesting plastic and non-plastic debris than for other diving seabirds,Morkunas et al_2021,Podiceps cristatus,Full migrant,LC,Aquatic bird,Carnivore,1490.00 ,57.50 ,6.60 ,183.60 ,731.00 ,Carnivore,Aquatic predator,Wetland,3,1,Aquatic,21.08 ,55.71 ,South Eastern Baltic Sea,,,,2015-2019,,,,GIT,Washed & Sieve,Stereomicroscope,"Van Franeker et al., 2005; Seif et al., 2018",15,,0,
23,The broader isotopic niche of Long-tailed Duck Clangula hyemalis implies a higher risk of ingesting plastic and non-plastic debris than for other diving seabirds,Morkunas et al_2021,Uria aalge,Full migrant,LC,Seabird,Piscivore,1044.00 ,56.80 ,8.10 ,196.30 ,991.90 ,Carnivore,Aquatic predator,Marine,3,3,Aquatic,21.08 ,55.71 ,South Eastern Baltic Sea,,,,2015-2019,,,,GIT,Washed & Sieve,Stereomicroscope,"Van Franeker et al., 2005; Seif et al., 2018",33,,0.03,0.03
24,Plastic debris ingestion by seabirds on the Korean Peninsula,Nam et al_2021,Mergus serrator,Full migrant,LC,Aquatic bird,Piscivore,1350.00 ,65.00 ,8.20 ,233.60 ,1015.20 ,Carnivore,Aquatic predator,Wetland,3,3,Aquatic,126.56 ,35.97 ,Korean Peninsula,,,,2006-2019,Coastal,,,GIT,H2O2,FTIR,Provencher et al. 2019,6,,0.33,0.33
24,Plastic debris ingestion by seabirds on the Korean Peninsula,Nam et al_2021,Podiceps cristatus,Full migrant,LC,Aquatic bird,Piscivore,1490.00 ,57.50 ,6.60 ,183.60 ,731.00 ,Carnivore,Aquatic predator,Wetland,3,1,Aquatic,126.56 ,35.97 ,Korean Peninsula,,,,2006-2019,Coastal,,,GIT,H2O2,FTIR,Provencher et al. 2019,2,,0,
24,Plastic debris ingestion by seabirds on the Korean Peninsula,Nam et al_2021,Gavia stellata,Full migrant,LC,Aquatic bird,Piscivore,1816.00 ,63.10 ,7.50 ,275.40 ,1486.00 ,Carnivore,Aquatic predator,Wetland,3,3,Aquatic,126.56 ,35.97 ,Korean Peninsula,,,,2006-2019,Coastal / Pelagic,,,GIT,H2O2,FTIR,Provencher et al. 2019,5,,0,
24,Plastic debris ingestion by seabirds on the Korean Peninsula,Nam et al_2021,Gavia arctica,Full migrant,LC,Aquatic bird,Piscivore,3400.00 ,71.00 ,8.50 ,285.80 ,2251.10 ,Carnivore,Aquatic predator,Wetland,3,3,Aquatic,126.56 ,35.97 ,Korean Peninsula,,,,2006-2019,Coastal / Pelagic,,,GIT,H2O2,FTIR,Provencher et al. 2019,6,,0,
24,Plastic debris ingestion by seabirds on the Korean Peninsula,Nam et al_2021,Gavia pacifica,Full migrant,LC,Aquatic bird,Piscivore,,71.90 ,8.30 ,291.20 ,2251.10 ,Carnivore,Aquatic predator,Wetland,3,3,Aquatic,126.56 ,35.97 ,Korean Peninsula,,,,2006-2019,Coastal / Pelagic,,,GIT,H2O2,FTIR,Provencher et al. 2019,20,,0.35,0.35
24,Plastic debris ingestion by seabirds on the Korean Peninsula,Nam et al_2021,Loons(unidentified),,,,Piscivore,,,,,,,,,,,,126.56 ,35.97 ,Korean Peninsula,,,,2006-2019,Coastal / Pelagic,,,GIT,H2O2,FTIR,Provencher et al. 2019,5,,0,
24,Plastic debris ingestion by seabirds on the Korean Peninsula,Nam et al_2021,Hydrobates monorhis,Full migrant,NT,Seabird,Piscivore,,16.50 ,3.00 ,152.60 ,39.80 ,Carnivore,Aquatic predator,Marine,3,3,Aerial,126.56 ,35.97 ,Korean Peninsula,,,,2006-2019,Pelagic,,,GIT,H2O2,FTIR,Provencher et al. 2019,159,,18.73,18.73
24,Plastic debris ingestion by seabirds on the Korean Peninsula,Nam et al_2021,Calonectris leucomelas,Full migrant,NT,Seabird,Piscivore,,48.90 ,9.70 ,319.20 ,580.00 ,Carnivore,Aquatic predator,Marine,3,3,Generalist,126.56 ,35.97 ,Korean Peninsula,,,,2006-2019,Pelagic,,,GIT,H2O2,FTIR,Provencher et al. 2019,1,,0,
24,Plastic debris ingestion by seabirds on the Korean Peninsula,Nam et al_2021,Phalacrocorax carbo,Full migrant,LC,Aquatic bird,Piscivore,3700.00 ,82.70 ,13.20 ,340.20 ,2529.00 ,Carnivore,Aquatic predator,Wetland,3,2,Aquatic,126.56 ,35.97 ,Korean Peninsula,,,,2006-2019,Coastal,,,GIT,H2O2,FTIR,Provencher et al. 2019,1,,0,
24,Plastic debris ingestion by seabirds on the Korean Peninsula,Nam et al_2021,Larus crassirostris,Full migrant,LC,Aquatic bird,Carnivore,,58.70 ,6.50 ,364.20 ,561.00 ,Carnivore,Aquatic predator,Coastal,3,2,Aerial,126.56 ,35.97 ,Korean Peninsula,,,,2006-2019,Coastal,,,GIT,H2O2,FTIR,Provencher et al. 2019,70,,0.13,0.13
24,Plastic debris ingestion by seabirds on the Korean Peninsula,Nam et al_2021,Larus argentatus,Full migrant,LC,Aquatic bird,Carnivore,1250.00 ,74.00 ,8.90 ,430.00 ,1091.00 ,Carnivore,Aquatic predator,Coastal,3,2,Generalist,126.56 ,35.97 ,Korean Peninsula,,,,2006-2019,Coastal,,,GIT,H2O2,FTIR,Provencher et al. 2019,2,,0,
24,Plastic debris ingestion by seabirds on the Korean Peninsula,Nam et al_2021,Synthliboramphus antiquus,Full migrant,LC,Seabird,Piscivore,,23.60 ,5.00 ,135.50 ,217.70 ,Carnivore,Aquatic predator,Marine,3,3,Aquatic,126.56 ,35.97 ,Korean Peninsula,,,,2006-2019,Pelagic,,,GIT,H2O2,FTIR,Provencher et al. 2019,110,,0.02,0.02
25,"Microplastics ingestion and chemical pollutants in seabirds of Gran Canaria (Canary Islands, Spain)",Navarro et al_2023,Calonectris borealis,Full migrant,LC,Seabird,Piscivore,,55.00 ,11.30 ,347.00 ,535.00 ,Carnivore,Aquatic predator,Marine,3,3,Generalist,-15.61 ,27.95 ,Tafira Wildlife Rehabilitation Center,,Spain,,2020-2021,,,,GIT,KOH,Stereomicroscope & FTIR,,45,,8.13,8.13
25,"Microplastics ingestion and chemical pollutants in seabirds of Gran Canaria (Canary Islands, Spain)",Navarro et al_2023,Hydrobates castro,Full migrant,LC,Seabird,Piscivore,,15.60 ,2.70 ,150.40 ,46.10 ,Carnivore,Aquatic predator,Marine,3,3,Aerial,-15.61 ,27.95 ,Tafira Wildlife Rehabilitation Center,,Spain,,2020-2021,,,,GIT,KOH,Stereomicroscope & FTIR,,5,,5.6,5.6
25,"Microplastics ingestion and chemical pollutants in seabirds of Gran Canaria (Canary Islands, Spain)",Navarro et al_2023,Larus michahellis,Full migrant,LC,Aquatic bird,Carnivore,,67.60 ,8.60 ,422.80 ,1111.90 ,Carnivore,Aquatic predator,Coastal,3,2,Generalist,-15.61 ,27.95 ,Tafira Wildlife Rehabilitation Center,,Spain,,2020-2021,,,,GIT,KOH,Stereomicroscope & FTIR,,20,,1.83,1.83
25,"Microplastics ingestion and chemical pollutants in seabirds of Gran Canaria (Canary Islands, Spain)",Navarro et al_2023,Larus ridibundus,Full migrant,LC,Aquatic bird,Carnivore,325.00 ,43.40 ,4.00 ,291.20 ,284.00 ,Carnivore,Aquatic predator,Wetland,3,2,Generalist,-15.61 ,27.95 ,Tafira Wildlife Rehabilitation Center,,Spain,,2020-2021,,,,GIT,KOH,Stereomicroscope & FTIR,,2,,1,1
25,"Microplastics ingestion and chemical pollutants in seabirds of Gran Canaria (Canary Islands, Spain)",Navarro et al_2023,Bubulcus ibis,,LC,Aquatic bird,Carnivore,220.00 ,63.30 ,8.60 ,244.40 ,366.00 ,Carnivore,Omnivore,Human modified,3,2,Terrestrial,-15.61 ,27.95 ,Tafira Wildlife Rehabilitation Center,,Spain,,2020-2021,,,,GIT,KOH,Stereomicroscope & FTIR,,1,,3,3
26,Plastic ingestion in aquatic-associated bird species in southern Portugal,Nicastro et al_2018,Larus michahellis,Full migrant,LC,Aquatic bird,Carnivore,,67.60 ,8.60 ,422.80 ,1111.90 ,Carnivore,Aquatic predator,Coastal,3,2,Generalist,-7.84 ,37.03 ,wildlife recovery center RIAS in Olhăo,,Portugal,,2014-2016,,,,GIT,Washed & Sieve,Stereomicroscope & FTIR,Franeker et al. 2011,,,0.2667,0.2667
26,Plastic ingestion in aquatic-associated bird species in southern Portugal,Nicastro et al_2018,Larus fuscus,Full migrant,LC,Aquatic bird,Carnivore,,62.30 ,7.90 ,412.20 ,762.40 ,Carnivore,Aquatic predator,Coastal,3,2,Generalist,-7.84 ,37.03 ,wildlife recovery center RIAS in Olhăo,,Portugal,,2014-2016,,,,GIT,Washed & Sieve,Stereomicroscope & FTIR,Franeker et al. 2011,,,0.4677,0.4677
26,Plastic ingestion in aquatic-associated bird species in southern Portugal,Nicastro et al_2018,Ciconia ciconia,Full migrant,LC,Aquatic bird,Carnivore,10000.00 ,189.10 ,23.50 ,565.60 ,3445.80 ,Carnivore,Omnivore,Grassland,3,3,Terrestrial,-7.84 ,37.03 ,wildlife recovery center RIAS in Olhăo,,Portugal,,2014-2016,,,,GIT,Washed & Sieve,Stereomicroscope & FTIR,Franeker et al. 2011,,,1.2222,1.2222
27,The hidden cost of following currents: Microplastic ingestion in a planktivorous seabird,Pascalis et al_2022,Hydrobates pelagicus,,LC,Seabird,Piscivore,,13.70 ,2.30 ,119.00 ,25.20 ,Carnivore,Aquatic predator,Marine,3,3,Aerial,9.10 ,40.25 ,Sardinia,,Italy,,2019,,,,RP,H2O2,Stereomicroscope & FTIR,Prata et al. 2019,30,25,1.86,1.86
28,Plastic pollution in the Labrador Sea: An assessment using the seabird northern fulmar Fulmarus glacialis as a biological monitoring species,"Avery-Gomm et al., 2018",Fulmarus glacialis,Full Migrant,LC,Seabird,Piscivore,1000.00 ,41.30 ,11.90 ,321.10 ,611.90 ,Carnivore,Aquatic predator,Marine,3,3,Aquatic,-56.10 ,54.38 ,Eastern shore of Labrador,,,,2014,,,,GIT,Washed & Sieve,Compound microscope,Hidalgo-Ruz et al. 2012,39,,5.9,5.9
28,Plastic pollution in the Labrador Sea: An assessment using the seabird northern fulmar Fulmarus glacialis as a biological monitoring species,"Avery-Gomm et al., 2018",Fulmarus glacialis,Full Migrant,LC,Seabird,Piscivore,1000.00 ,41.30 ,11.90 ,321.10 ,611.90 ,Carnivore,Aquatic predator,Marine,3,3,Aquatic,-56.10 ,54.38 ,Eastern shore of Labrador,,,,2015,,,,GIT,Washed & Sieve,Compound microscope,Hidalgo-Ruz et al. 2012,31,,18.7,18.7
29,Garbage in guano? Microplastic debris found in faecal precursors of seabirds known to ingest plastics,Provencher et al_2018,Fulmarus glacialis,Full Migrant,LC,Seabird,Piscivore,1000.00 ,41.30 ,11.90 ,321.10 ,611.90 ,Carnivore,Aquatic predator,Marine,3,3,Aquatic,-53.14 ,54.21 ,Labrador Sea,,,,2015,Pelagic,,Fecal precursor,Dropping,H2O2,Stereomicroscope,Masura et al. 2015,30,,1.9,1.9
29,Garbage in guano? Microplastic debris found in faecal precursors of seabirds known to ingest plastics,Provencher et al_2018,Fulmarus glacialis,Full Migrant,LC,Seabird,Piscivore,1000.00 ,41.30 ,11.90 ,321.10 ,611.90 ,Carnivore,Aquatic predator,Marine,3,3,Aquatic,-53.14 ,54.21 ,Labrador Sea,,,,2015,Pelagic,,GIT,GIT,H2O2,Stereomicroscope,Masura et al. 2015,30,,22,22
30,Seabird plastic ingestion differs among collection methods: Examples from the short-tailed shearwater,Rodriguez et al_2018,Ardenna tenuirostris,Full migrant,LC,Seabird,Piscivore,,37.20 ,6.50 ,262.20 ,559.00 ,Carnivore,Aquatic predator,Marine,3,3,Generalist,145.25 ,-38.48 ,Philip Island,,,,2015-2016,,,,GIT,Washed & Sieve,Stereomicroscope,Franeker et al. 2011,26,,8.23,8.23
30,Seabird plastic ingestion differs among collection methods: Examples from the short-tailed shearwater,Rodriguez et al_2018,Ardenna tenuirostris,Full migrant,LC,Seabird,Piscivore,,37.20 ,6.50 ,262.20 ,559.00 ,Carnivore,Aquatic predator,Marine,3,3,Generalist,145.25 ,-38.48 ,Philip Island,,,,2015-2016,,,,GIT,Washed & Sieve,Stereomicroscope,Franeker et al. 2011,114,,7.11,7.11
31,The potential of aerial insectivores for monitoring microplastics in terrestrial environments,Sherlock et al_2022,Tachicyneta bicolor,Full migrant,LC,Landbird,Insectivore,19.00 ,10.80 ,3.80 ,115.90 ,21.20 ,Carnivore,Invertivore,Wetland,3,3,Aerial,-80.03 ,43.45 ,Southern Ontario,,Canada,,2004,,WWTP,GIT,GIT,KOH,Stereomicroscope & Raman,Munno et al. 2018,20,226,11.3,11.3
31,The potential of aerial insectivores for monitoring microplastics in terrestrial environments,Sherlock et al_2022,Tachicyneta bicolor,Full migrant,LC,Landbird,Insectivore,19.00 ,10.80 ,3.80 ,115.90 ,21.20 ,Carnivore,Invertivore,Wetland,3,3,Aerial,-80.03 ,43.45 ,Southern Ontario,,Canada,,2004,,Reference,GIT,GIT,KOH,Stereomicroscope & Raman,Munno et al. 2018,20,102,5.1,5.1
31,The potential of aerial insectivores for monitoring microplastics in terrestrial environments,Sherlock et al_2022,Tachicyneta bicolor,Full migrant,LC,Landbird,Insectivore,19.00 ,10.80 ,3.80 ,115.90 ,21.20 ,Carnivore,Invertivore,Wetland,3,3,Aerial,-80.03 ,43.45 ,Southern Ontario,,Canada,,2004,,WWTP,Fecal sac,FP,KOH,Stereomicroscope & Raman,Munno et al. 2018,20,118,5.9,5.9
31,The potential of aerial insectivores for monitoring microplastics in terrestrial environments,Sherlock et al_2022,Tachicyneta bicolor,Full migrant,LC,Landbird,Insectivore,19.00 ,10.80 ,3.80 ,115.90 ,21.20 ,Carnivore,Invertivore,Wetland,3,3,Aerial,-80.03 ,43.45 ,Southern Ontario,,Canada,,2004,,Reference,Fecal sac,FP,KOH,Stereomicroscope & Raman,Munno et al. 2018,20,174,8.7,8.7
32,Bidirectional transfer of halogenated ?ame retardants between the gastrointestinal tract and ingested plastics in urban-adapted ringbilled gulls,Thaysen et al_2020,Larus delawarensis,Full migrant,LC,Aquatic bird,Carnivore,700.00 ,48.10 ,6.20 ,366.00 ,516.30 ,Carnivore,Omnivore,Coastal,3,2,Terrestrial,45.71 ,73.44 ,Deslauriers Island,,Canada,North America,2016,,,,GIT,Washed & Sieve,"Stereomicroscope, Raman & FTIR",,44,164,3.7,3.7
33,Airborne microplastics detected in the lungs of wild birds in Japan,Tokunaga et al_2023,Milvus migrans,Full migrant,LC,Landbird,Carnivore,540.00 ,40.00 ,13.00 ,457.40 ,734.10 ,Omnivore,Omnivore,Woodland,3,3,Aerial,139.91 ,35.53 ,Tokyo Bay,,Japan,Asia,2021,,,,Other,H2O2,FTIR,Leslie et al. 2022,6,,0,
34,Seabirds and plastics don't mix: Examining the di?erences in marine plastic ingestion in wedge-tailed shearwater chicks at near-shore and o?shore locations,Verlis et al_2018,Ardenna pacifica,Full migrant,LC,Seabird,Piscivore,,40.90 ,7.90 ,296.80 ,388.00 ,Carnivore,Aquatic predator,Marine,3,3,Generalist,151.91 ,-23.44 ,Heron Island,,,,2012,,Near-shore,,GIT,Washed & Sieve,Visual,Franeker et al. 2004,50,,1.1,1.1
34,Seabirds and plastics don't mix: Examining the di?erences in marine plastic ingestion in wedge-tailed shearwater chicks at near-shore and o?shore locations,Verlis et al_2018,Ardenna pacifica,Full migrant,LC,Seabird,Piscivore,,40.90 ,7.90 ,296.80 ,388.00 ,Carnivore,Aquatic predator,Marine,3,3,Generalist,151.91 ,-23.44 ,Heron Island,,,,2012,,Offshore,,GIT,Washed & Sieve,Visual,Franeker et al. 2004,50,,1,1
34,Seabirds and plastics don't mix: Examining the di?erences in marine plastic ingestion in wedge-tailed shearwater chicks at near-shore and o?shore locations,Verlis et al_2018,Ardenna pacifica,Full migrant,LC,Seabird,Piscivore,,40.90 ,7.90 ,296.80 ,388.00 ,Carnivore,Aquatic predator,Marine,3,3,Generalist,151.91 ,-23.44 ,Heron Island,,,,2012,,overall,,GIT,Washed & Sieve,Visual,Franeker et al. 2004,35,,1.1,1.1
35,Availability and assessment of microplastic ingestion by marsh birds in Mississippi Gulf Coast tidal marshes,Weitzel et al_2021,Rallus crepitans,Full migrant,LC,Waterbird,Carnivore,50.00 ,64.70 ,3.80 ,148.00 ,306.00 ,Carnivore,Aquatic predator,Wetland,1,2,Terrestrial,-89.53 ,30.19 ,Pearl,,United States of America,,2019,,,,GIT,Stomach Flushing,Stereomicroscope,Barrett et al. 2007,35,29,7.2,7.2
35,Availability and assessment of microplastic ingestion by marsh birds in Mississippi Gulf Coast tidal marshes,Weitzel et al_2021,Ammospiza maritima,Not a Migrant,LC,Landbird,Omnivore,,16.30 ,4.20 ,60.60 ,22.20 ,Carnivore,Invertivore,Wetland,3,2,Terrestrial,-89.37 ,30.34 ,Jourdan,,United States of America,,2019,,,,GIT,Stomach Flushing,Stereomicroscope,Barrett et al. 2007,36,25,2.7,2.7
36,"Microscopic anthropogenic litter in terrestrial birds from Shanghai, China: Not only plastics but also natural ?bers",Zhao et al_2016,Buteo buteo,Full migrant,LC,Landbird,Carnivore,,35.90 ,12.60 ,382.90 ,759.10 ,Carnivore,Vertivore,Grassland,3,2,Insessorial,122.09 ,31.28 ,Wildlife rehabilitation center,Shanghai,China,Asia,2015,Terrestrial,,Esophagus,Esophagus,KOH,Stereomicroscope,Foekema et al. 2013; Franeker et al. 2011,,,17,17
36,"Microscopic anthropogenic litter in terrestrial birds from Shanghai, China: Not only plastics but also natural ?bers",Zhao et al_2016,Milvus migrans,Full migrant,LC,Landbird,Carnivore,540.00 ,40.00 ,13.00 ,457.40 ,734.10 ,Omnivore,Omnivore,Woodland,3,3,Aerial,122.09 ,31.28 ,Wildlife rehabilitation center,Shanghai,China,Asia,2015,Terrestrial,,Esophagus,Esophagus,KOH,Stereomicroscope,Foekema et al. 2013; Franeker et al. 2011,,,4,4
36,"Microscopic anthropogenic litter in terrestrial birds from Shanghai, China: Not only plastics but also natural ?bers",Zhao et al_2016,Falco tinnunculus,Full migrant,LC,Landbird,Carnivore,190.00 ,20.80 ,10.60 ,241.00 ,183.20 ,Carnivore,Vertivore,Shrubland,3,3,Aerial,122.09 ,31.28 ,Wildlife rehabilitation center,Shanghai,China,Asia,2015,Terrestrial,,Esophagus,Esophagus,KOH,Stereomicroscope,Foekema et al. 2013; Franeker et al. 2011,,,21,21
36,"Microscopic anthropogenic litter in terrestrial birds from Shanghai, China: Not only plastics but also natural ?bers",Zhao et al_2016,Hierococcyx sparverioides,Full migrant,LC,Landbird,Carnivore,,30.30 ,7.80 ,235.00 ,151.00 ,Carnivore,Invertivore,Woodland,1,3,Insessorial,122.09 ,31.28 ,Wildlife rehabilitation center,Shanghai,China,Asia,2015,Terrestrial,,Esophagus,Esophagus,KOH,Stereomicroscope,Foekema et al. 2013; Franeker et al. 2011,,,11,11
36,"Microscopic anthropogenic litter in terrestrial birds from Shanghai, China: Not only plastics but also natural ?bers",Zhao et al_2016,Bubulcus ibis,Full migrant,LC,Aquatic bird,Carnivore,,63.30 ,8.60 ,244.40 ,366.00 ,Carnivore,Omnivore,Human modified,3,2,Terrestrial,122.09 ,31.28 ,Wildlife rehabilitation center,Shanghai,China,Asia,2015,Terrestrial,,Esophagus,Esophagus,KOH,Stereomicroscope,Foekema et al. 2013; Franeker et al. 2011,,,10,10
36,"Microscopic anthropogenic litter in terrestrial birds from Shanghai, China: Not only plastics but also natural ?bers",Zhao et al_2016,Tachybaptus ruficollis,Full migrant,LC,Waterbird,Carnivore,,23.90 ,4.40 ,100.00 ,169.40 ,Carnivore,Aquatic predator,Wetland,3,1,Aquatic,122.09 ,31.28 ,Wildlife rehabilitation center,Shanghai,China,Asia,2015,Terrestrial,,Esophagus,Esophagus,KOH,Stereomicroscope,Foekema et al. 2013; Franeker et al. 2011,,,0,
36,"Microscopic anthropogenic litter in terrestrial birds from Shanghai, China: Not only plastics but also natural ?bers",Zhao et al_2016,Calidris alpina,Full migrant,NT,Aquatic bird,Carnivore,65.00 ,36.90 ,2.90 ,115.10 ,51.90 ,Carnivore,Aquatic predator,Wetland,3,3,Terrestrial,122.09 ,31.28 ,Wildlife rehabilitation center,Shanghai,China,Asia,2015,Terrestrial,,Esophagus,Esophagus,KOH,Stereomicroscope,Foekema et al. 2013; Franeker et al. 2011,,,0,
36,"Microscopic anthropogenic litter in terrestrial birds from Shanghai, China: Not only plastics but also natural ?bers",Zhao et al_2016,Actitis hypoleucos,Full migrant,LC,Waterbird,Carnivore,40.00 ,30.10 ,3.10 ,109.90 ,48.00 ,Carnivore,Aquatic predator,Wetland,3,3,Terrestrial,122.09 ,31.28 ,Wildlife rehabilitation center,Shanghai,China,Asia,2015,Terrestrial,,Esophagus,Esophagus,KOH,Stereomicroscope,Foekema et al. 2013; Franeker et al. 2011,,,0,
36,"Microscopic anthropogenic litter in terrestrial birds from Shanghai, China: Not only plastics but also natural ?bers",Zhao et al_2016,Turdus obscurus,Full migrant,LC,Landbird,Omnivore,,22.00 ,4.40 ,119.80 ,62.60 ,Omnivore,Invertivore,Forest,1,3,Insessorial,122.09 ,31.28 ,Wildlife rehabilitation center,Shanghai,China,Asia,2015,Terrestrial,,Esophagus,Esophagus,KOH,Stereomicroscope,Foekema et al. 2013; Franeker et al. 2011,,,4,4
36,"Microscopic anthropogenic litter in terrestrial birds from Shanghai, China: Not only plastics but also natural ?bers",Zhao et al_2016,Turdus hortulorum,Full migrant,LC,Landbird,Carnivore,,23.30 ,4.90 ,115.80 ,66.70 ,Carnivore,Invertivore,Forest,1,3,Terrestrial,122.09 ,31.28 ,Wildlife rehabilitation center,Shanghai,China,Asia,2015,Terrestrial,,Esophagus,Esophagus,KOH,Stereomicroscope,Foekema et al. 2013; Franeker et al. 2011,,,2,2
36,"Microscopic anthropogenic litter in terrestrial birds from Shanghai, China: Not only plastics but also natural ?bers",Zhao et al_2016,Pica pica,Not a Migrant,LC,Landbird,Carnivore,210.00 ,40.80 ,12.40 ,194.50 ,217.50 ,Omnivore,Omnivore,Human modified,3,1,Terrestrial,122.09 ,31.28 ,Wildlife rehabilitation center,Shanghai,China,Asia,2015,Terrestrial,,Esophagus,Esophagus,KOH,Stereomicroscope,Foekema et al. 2013; Franeker et al. 2011,,,7,7
36,"Microscopic anthropogenic litter in terrestrial birds from Shanghai, China: Not only plastics but also natural ?bers",Zhao et al_2016,Spilopelia chinensis,Full migrant,LC,Landbird,Herbivore,,19.90 ,3.50 ,138.80 ,159.00 ,Herbivore,Granivore,Woodland,3,1,Terrestrial,122.09 ,31.28 ,Wildlife rehabilitation center,Shanghai,China,Asia,2015,Terrestrial,,Esophagus,Esophagus,KOH,Stereomicroscope,Foekema et al. 2013; Franeker et al. 2011,,,10,10
37,Transfer of Microplastics in Terrestrial and Aquatic Food Webs: The Impact of E-Waste Debris and Ecological Traits,Zheng et al_2023,Pycnonotus sinensis,Full migrant,LC,Landbird,Insectivore,,17.90 ,4.40 ,86.70 ,34.20 ,Herbivore,Frugivore,Human modified,2,3,Insessorial,113.07 ,23.60 ,Village in South China,Guangdong,China,Asia,2017,Terrestrial,bird-LV,GIT,GIT,KOH & NaCl,Stereomicroscope,,10,,273,273
37,Transfer of Microplastics in Terrestrial and Aquatic Food Webs: The Impact of E-Waste Debris and Ecological Traits,Zheng et al_2023,Pycnonotus aurigaster,Not a Migrant,LC,Landbird,Insectivore,,19.40 ,4.10 ,91.80 ,44.30 ,Herbivore,Omnivore,Shrubland,2,1,Insessorial,113.07 ,23.60 ,Village in South China,Guangdong,China,Asia,2017,Terrestrial,bird-SH,GIT,GIT,KOH & NaCl,Stereomicroscope,,10,,399,399
37,Transfer of Microplastics in Terrestrial and Aquatic Food Webs: The Impact of E-Waste Debris and Ecological Traits,Zheng et al_2023,Lanius schach,Full migrant,LC,Landbird,Insectivore,,21.80 ,6.80 ,92.40 ,51.50 ,Carnivore,Invertivore,Shrubland,2,2,Insessorial,113.07 ,23.60 ,Village in South China,Guangdong,China,Asia,2017,Terrestrial,bird-LT,GIT,GIT,KOH & NaCl,Stereomicroscope,,4,,406,406
37,Transfer of Microplastics in Terrestrial and Aquatic Food Webs: The Impact of E-Waste Debris and Ecological Traits,Zheng et al_2023,Copsychus saularis,Not a Migrant,LC,Landbird,Insectivore,,23.20 ,5.40 ,97.50 ,36.00 ,Carnivore,Invertivore,Woodland,1,1,Terrestrial,113.07 ,23.60 ,Village in South China,Guangdong,China,Asia,2017,Terrestrial,bird-O,GIT,GIT,KOH & NaCl,Stereomicroscope,,16,,249,249
37,Transfer of Microplastics in Terrestrial and Aquatic Food Webs: The Impact of E-Waste Debris and Ecological Traits,Zheng et al_2023,Motacilla alba,Full migrant,LC,Landbird,Insectivore,,16.10 ,3.40 ,87.00 ,23.90 ,Carnivore,Invertivore,Human modified,3,3,Terrestrial,113.07 ,23.60 ,Village in South China,Guangdong,China,Asia,2017,Terrestrial,bird-W,GIT,GIT,KOH & NaCl,Stereomicroscope,,6,,262,262
37,Transfer of Microplastics in Terrestrial and Aquatic Food Webs: The Impact of E-Waste Debris and Ecological Traits,Zheng et al_2023,Parus major,Not a Migrant,LC,Landbird,Insectivore,,11.30 ,4.00 ,70.90 ,16.30 ,Omnivore,Invertivore,Woodland,2,1,Insessorial,113.07 ,23.60 ,Village in South China,Guangdong,China,Asia,2017,Terrestrial,bird-G,GIT,GIT,KOH & NaCl,Stereomicroscope,,3,,150,150
37,Transfer of Microplastics in Terrestrial and Aquatic Food Webs: The Impact of E-Waste Debris and Ecological Traits,Zheng et al_2023,Gracupica nigricollis,Not a Migrant,LC,Landbird,Insectivore,,32.40 ,6.00 ,158.10 ,156.90 ,Carnivore,Invertivore,Grassland,3,1,Insessorial,113.07 ,23.60 ,Village in South China,Guangdong,China,Asia,2017,Terrestrial,bird-B,GIT,GIT,KOH & NaCl,Stereomicroscope,,4,,1250,1250
37,Transfer of Microplastics in Terrestrial and Aquatic Food Webs: The Impact of E-Waste Debris and Ecological Traits,Zheng et al_2023,Turdus mandarinus,Full migrant,LC,Landbird,Insectivore,,30.90 ,5.30 ,146.60 ,102.70 ,Omnivore,Omnivore,Forest,2,1,Generalist,113.07 ,23.60 ,Village in South China,Guangdong,China,Asia,2017,Terrestrial,bird-E,GIT,GIT,KOH & NaCl,Stereomicroscope,,7,,288,288
37,Transfer of Microplastics in Terrestrial and Aquatic Food Webs: The Impact of E-Waste Debris and Ecological Traits,Zheng et al_2023,Spilopelia chinensis,Full migrant,LC,Landbird,Grainivore,,19.90 ,3.50 ,138.80 ,159.00 ,Herbivore,Granivore,Woodland,3,1,Terrestrial,113.07 ,23.60 ,Village in South China,Guangdong,China,Asia,2017,Terrestrial,bird-SD,GIT,GIT,KOH & NaCl,Stereomicroscope,,5,,304,304
37,Transfer of Microplastics in Terrestrial and Aquatic Food Webs: The Impact of E-Waste Debris and Ecological Traits,Zheng et al_2023,Alcedo atthis,Full migrant,LC,Landbird,Piscivore,39.00 ,42.20 ,5.70 ,73.30 ,31.10 ,Carnivore,Aquatic predator,Reverine,2,1,Insessorial,113.07 ,23.60 ,Village in South China,Guangdong,China,Asia,2017,Freshwater,bird-C,GIT,GIT,KOH & NaCl,Stereomicroscope,,23,,191,191
38,Plastic debris in marine birds from an island located in the South China Sea,Zhu et al_2019,Numenius phaeopus,Full migrant,LC,Waterbird,Carnivore,,92.10 ,6.60 ,233.00 ,364.60 ,Carnivore,Omnivore,Grassland,3,3,Terrestrial,111.75 ,16.46 ,yongxing Island,Hainan,China,Asia,2018,Marine,Yongxing Island,"Esophagus, stomach and Intestine",GIT,KOH & NaCl,Stereomicroscope & FTIR,Provencher et al. 2019,1,2,2,2
38,Plastic debris in marine birds from an island located in the South China Sea,Zhu et al_2019,Sula sula,Full migrant,LC,Seabird,Piscivore,1003.00 ,79.30 ,21.50 ,366.80 ,1031.10 ,Carnivore,Aquatic predator,Marine,3,2,Aerial,111.75 ,16.46 ,yongxing Island,Hainan,China,Asia,2018,Marine,Yongxing Island,GIT,GIT,KOH & NaCl,Stereomicroscope & FTIR,Provencher et al. 2019,5,6,2,#REF!
38,Plastic debris in marine birds from an island located in the South China Sea,Zhu et al_2019,Numenius phaeopus,Full migrant,LC,Waterbird,Carnivore,,92.10 ,6.60 ,233.00 ,364.60 ,Carnivore,Omnivore,Grassland,3,3,Terrestrial,111.75 ,16.46 ,yongxing Island,Hainan,China,Asia,2018,Marine,Yongxing Island,GIT,GIT,KOH & NaCl,Stereomicroscope & FTIR,Provencher et al. 2019,1,35,35,2.15
38,Plastic debris in marine birds from an island located in the South China Sea,Zhu et al_2019,Sula sula,Full migrant,LC,Seabird,Piscivore,1003.00 ,79.30 ,21.50 ,366.80 ,1031.10 ,Carnivore,Aquatic predator,Marine,3,2,Aerial,111.75 ,16.46 ,yongxing Island,Hainan,China,Asia,2018,Marine,Yongxing Island,GIT,GIT,KOH & NaCl,Stereomicroscope & FTIR,Provencher et al. 2019,5,3,1,23.45 
38,Plastic debris in marine birds from an island located in the South China Sea,Zhu et al_2019,Numenius phaeopus,Full migrant,LC,Waterbird,Carnivore,,92.10 ,6.60 ,233.00 ,364.60 ,Carnivore,Omnivore,Grassland,3,3,Terrestrial,111.75 ,16.46 ,yongxing Island,Hainan,China,Asia,2018,Marine,Yongxing Island,GIT,GIT,KOH & NaCl,Stereomicroscope & FTIR,Provencher et al. 2019,1,10,10,1.89
